"Risk_Variable","Predictor","Coefficient","P-value"
"RISK_SELF_HARM","GENDERMale",-0.463263030799301,0.257952789200939
"RISK_SELF_HARM","GENDERNon-binary",1.47547287627023,0.218268485842898
"RISK_SELF_HARM","GENDEROther",17.7008445196398,0.991204882495117
"RISK_SELF_HARM","GENDERPrefer not to say",17.95576778981,0.9940294941196
"RISK_SELF_HARM","GENDERTrans female",-14.5021891174948,0.995177834444671
"RISK_SELF_HARM","GENDERTrans male",0.37521985280861,0.738490071099311
"RISK_SELF_HARM","SU_AGE_IN_YEARS",-0.0278262489736358,0.000223014845079365
"RISK_SELF_HARM","SU_ETHNICITYBlack/ African/ Caribbean/ Black British",-0.343054508258765,0.999851815389344
"RISK_SELF_HARM","SU_ETHNICITYMixed/ Multiple Ethnic Groups",15.8820859475547,0.985364646948957
"RISK_SELF_HARM","SU_ETHNICITYOther Ethnic Group",15.4219864427008,0.985788587528258
"RISK_SELF_HARM","SU_ETHNICITYPrefer not to say",15.3392435333836,0.985864828011834
"RISK_SELF_HARM","SU_ETHNICITYUnknown",14.7314910628102,0.986424816253473
"RISK_SELF_HARM","SU_ETHNICITYUnobtainable",-0.460623186814033,0.999769865886975
"RISK_SELF_HARM","SU_ETHNICITYWhite British",15.6773311875958,0.985553305278541
"RISK_SELF_HARM","SU_ETHNICITYWhite European",14.0525555129091,0.987050405921194
"RISK_SELF_HARM","SU_LOCATIONExeter",-0.27544686617704,0.38179483827128
"RISK_SELF_HARM","SU_LOCATIONMid Devon",0.282582988987996,0.429525649132339
"RISK_SELF_HARM","SU_LOCATIONNorth Devon",0.51315100202444,0.164241013051501
"RISK_SELF_HARM","SU_LOCATIONSouth Hams",-0.581033271098143,0.214250780740388
"RISK_SELF_HARM","SU_LOCATIONTeignbridge",-0.103648537807899,0.78709745786064
"RISK_SELF_HARM","SU_LOCATIONTorbay",-0.476795292359902,0.151176472225107
"RISK_SELF_HARM","SU_LOCATIONTorridge",-0.20608876454005,0.694443958331516
"RISK_SELF_HARM","SU_LOCATIONWest Devon",0.122537432378438,0.794864583043512
"RISK_SELF_HARM","SEXUALITYGay/Lesbian",0.124121227631204,0.773591111593885
"RISK_SELF_HARM","SEXUALITYHeterosexual",-0.349392902718427,0.187417279669791
"RISK_SELF_HARM","SEXUALITYOther",-1.42416953692585,0.096030743857163
"RISK_SELF_HARM","SEXUALITYPrefer not to say",-0.0320464472431595,0.941023028735001
"RISK_SELF_HARM","SEXUALITYUnknown",-0.0706623997229955,0.879938820723267
"RISK_SELF_HARM","RELIGIONBuddhist",1.56239109218012,0.185283093983323
"RISK_SELF_HARM","RELIGIONCatholic",2.18649591015608,0.0643367801225682
"RISK_SELF_HARM","RELIGIONChristian",1.73410149785599,0.106305717218539
"RISK_SELF_HARM","RELIGIONJewish",3.10928516869842,0.0862798024593809
"RISK_SELF_HARM","RELIGIONNo religion",2.13517940905367,0.0414103983835527
"RISK_SELF_HARM","RELIGIONPrefer not to say",2.88086196597664,0.00895876406291244
"RISK_SELF_HARM","RELIGIONUnknown",2.64499051222795,0.0137406768055704
"RISK_SELF_HARM","RELIGIONUnobtainable",-13.7326445986364,0.993437651113128
"RISK_SELF_HARM","DISABILITYMental Health",1.36441834331163,0.0149795793086163
"RISK_SELF_HARM","DISABILITYNone",-0.0282802245029336,0.955761505850296
"RISK_SELF_HARM","DISABILITYPhysical disability",0.836495260101155,0.125298593940632
"RISK_SELF_HARM","DISABILITYPrefer not to say",-0.151759750456151,0.872864704025459
"RISK_SELF_HARM","DISABILITYSensory disability",1.33460034060046,0.110727079124199
"RISK_SELF_HARM","DISABILITYUnknown",0.279425920040741,0.733351995308733
"RISK_SUICIDIAL_THOUGHTS","GENDERMale1",-0.0327386428034452,0.919849524645748
"RISK_SUICIDIAL_THOUGHTS","GENDERNon-binary1",2.13443001286499,0.0837411494420096
"RISK_SUICIDIAL_THOUGHTS","GENDEROther1",15.6968212873788,0.98712530172013
"RISK_SUICIDIAL_THOUGHTS","GENDERPrefer not to say1",15.5528966960747,0.991473683954503
"RISK_SUICIDIAL_THOUGHTS","GENDERTrans female1",-14.2157316756647,0.992206712464861
"RISK_SUICIDIAL_THOUGHTS","GENDERTrans male1",1.41217805105215,0.259338811483884
"RISK_SUICIDIAL_THOUGHTS","SU_AGE_IN_YEARS1",0.00272236435565161,0.658471353611943
"RISK_SUICIDIAL_THOUGHTS","SU_ETHNICITYBlack/ African/ Caribbean/ Black British1",-16.3739725053348,0.987242812439293
"RISK_SUICIDIAL_THOUGHTS","SU_ETHNICITYMixed/ Multiple Ethnic Groups1",-0.883725216176202,0.391323330810412
"RISK_SUICIDIAL_THOUGHTS","SU_ETHNICITYOther Ethnic Group1",-0.33076733471753,0.784274310317319
"RISK_SUICIDIAL_THOUGHTS","SU_ETHNICITYPrefer not to say1",-0.131621327188407,0.912595833675999
"RISK_SUICIDIAL_THOUGHTS","SU_ETHNICITYUnknown1",0.154111236764474,0.882060689024493
"RISK_SUICIDIAL_THOUGHTS","SU_ETHNICITYUnobtainable1",14.8030662646028,0.98584744849661
"RISK_SUICIDIAL_THOUGHTS","SU_ETHNICITYWhite British1",-0.806915328510302,0.373876131520811
"RISK_SUICIDIAL_THOUGHTS","SU_ETHNICITYWhite European1",-1.47971366058935,0.159312382983125
"RISK_SUICIDIAL_THOUGHTS","SU_LOCATIONExeter1",-0.566500099319165,0.0384559048486294
"RISK_SUICIDIAL_THOUGHTS","SU_LOCATIONMid Devon1",0.133652180139906,0.678230911354703
"RISK_SUICIDIAL_THOUGHTS","SU_LOCATIONNorth Devon1",-0.12940289852032,0.699502758130872
"RISK_SUICIDIAL_THOUGHTS","SU_LOCATIONSouth Hams1",-0.302869426599138,0.412675969344717
"RISK_SUICIDIAL_THOUGHTS","SU_LOCATIONTeignbridge1",-0.36695892665032,0.266279206875132
"RISK_SUICIDIAL_THOUGHTS","SU_LOCATIONTorbay1",-0.557141787415487,0.0483849719426473
"RISK_SUICIDIAL_THOUGHTS","SU_LOCATIONTorridge1",-0.00737547523415651,0.986344099678145
"RISK_SUICIDIAL_THOUGHTS","SU_LOCATIONWest Devon1",-0.531022495504124,0.207372263832093
"RISK_SUICIDIAL_THOUGHTS","SEXUALITYGay/Lesbian1",-0.684464542822759,0.0921742563128145
"RISK_SUICIDIAL_THOUGHTS","SEXUALITYHeterosexual1",-0.572823458263599,0.0183593060353142
"RISK_SUICIDIAL_THOUGHTS","SEXUALITYOther1",-1.42252985045566,0.0395696944696804
"RISK_SUICIDIAL_THOUGHTS","SEXUALITYPrefer not to say1",-0.346002585327381,0.392946367661022
"RISK_SUICIDIAL_THOUGHTS","SEXUALITYUnknown1",0.0640563279701801,0.879558630601927
"RISK_SUICIDIAL_THOUGHTS","RELIGIONBuddhist1",-0.931630126489938,0.145212489102125
"RISK_SUICIDIAL_THOUGHTS","RELIGIONCatholic1",-1.4563151641797,0.0374320291058939
"RISK_SUICIDIAL_THOUGHTS","RELIGIONChristian1",-0.724584812111152,0.14550884388794
"RISK_SUICIDIAL_THOUGHTS","RELIGIONJewish1",0.0734599520307929,0.961532299965535
"RISK_SUICIDIAL_THOUGHTS","RELIGIONNo religion1",-0.533123878333344,0.24849665362716
"RISK_SUICIDIAL_THOUGHTS","RELIGIONPrefer not to say1",-0.28870360423293,0.606453720348899
"RISK_SUICIDIAL_THOUGHTS","RELIGIONUnknown1",-0.347726848056297,0.500230909531163
"RISK_SUICIDIAL_THOUGHTS","RELIGIONUnobtainable1",-0.118584395247999,0.93688988910032
"RISK_SUICIDIAL_THOUGHTS","DISABILITYMental Health1",1.35534736148034,0.0094125804882558
"RISK_SUICIDIAL_THOUGHTS","DISABILITYNone1",0.44565658881678,0.342373798706831
"RISK_SUICIDIAL_THOUGHTS","DISABILITYPhysical disability1",0.841168323531685,0.0935237765421924
"RISK_SUICIDIAL_THOUGHTS","DISABILITYPrefer not to say1",0.848010624370463,0.268736192966304
"RISK_SUICIDIAL_THOUGHTS","DISABILITYSensory disability1",1.58198288025559,0.061305363125082
"RISK_SUICIDIAL_THOUGHTS","DISABILITYUnknown1",-0.0632038766484771,0.933800809754528
"RISK_SUICIDIAL_ATTEMPTS","GENDERMale2",0.286809546592179,0.413773103002094
"RISK_SUICIDIAL_ATTEMPTS","GENDERNon-binary2",0.373416397708128,0.768042373555023
"RISK_SUICIDIAL_ATTEMPTS","GENDEROther2",1.01107215364542,0.524534270620118
"RISK_SUICIDIAL_ATTEMPTS","GENDERPrefer not to say2",16.983636360042,0.990689366667071
"RISK_SUICIDIAL_ATTEMPTS","GENDERTrans female2",-14.6629297971718,0.991961559605702
"RISK_SUICIDIAL_ATTEMPTS","GENDERTrans male2",-0.247971227075081,0.848119075630859
"RISK_SUICIDIAL_ATTEMPTS","SU_AGE_IN_YEARS2",-0.0116563001900905,0.100927935653443
"RISK_SUICIDIAL_ATTEMPTS","SU_ETHNICITYBlack/ African/ Caribbean/ Black British2",-0.44891547234708,0.999684935297218
"RISK_SUICIDIAL_ATTEMPTS","SU_ETHNICITYMixed/ Multiple Ethnic Groups2",14.8590200974118,0.979614471798771
"RISK_SUICIDIAL_ATTEMPTS","SU_ETHNICITYOther Ethnic Group2",15.216819183612,0.979123718111148
"RISK_SUICIDIAL_ATTEMPTS","SU_ETHNICITYPrefer not to say2",13.4476022104926,0.981550499533896
"RISK_SUICIDIAL_ATTEMPTS","SU_ETHNICITYUnknown2",13.8647951253515,0.980978212491923
"RISK_SUICIDIAL_ATTEMPTS","SU_ETHNICITYUnobtainable2",15.6559196578081,0.97852148218699
"RISK_SUICIDIAL_ATTEMPTS","SU_ETHNICITYWhite British2",14.4315729315163,0.980200769402132
"RISK_SUICIDIAL_ATTEMPTS","SU_ETHNICITYWhite European2",13.695294864904,0.981210717597114
"RISK_SUICIDIAL_ATTEMPTS","SU_LOCATIONExeter2",-0.307549297832117,0.328223884813392
"RISK_SUICIDIAL_ATTEMPTS","SU_LOCATIONMid Devon2",0.11162462314775,0.755375603572661
"RISK_SUICIDIAL_ATTEMPTS","SU_LOCATIONNorth Devon2",-0.273761064271293,0.490955222832064
"RISK_SUICIDIAL_ATTEMPTS","SU_LOCATIONSouth Hams2",-0.18293453887712,0.674200117470651
"RISK_SUICIDIAL_ATTEMPTS","SU_LOCATIONTeignbridge2",0.520091365072021,0.144523304909125
"RISK_SUICIDIAL_ATTEMPTS","SU_LOCATIONTorbay2",-0.0358705028487577,0.910028777141374
"RISK_SUICIDIAL_ATTEMPTS","SU_LOCATIONTorridge2",0.212555290366469,0.657474422980268
"RISK_SUICIDIAL_ATTEMPTS","SU_LOCATIONWest Devon2",-0.30278654585226,0.547351524194464
"RISK_SUICIDIAL_ATTEMPTS","SEXUALITYGay/Lesbian2",0.0918053033008694,0.83713405011252
"RISK_SUICIDIAL_ATTEMPTS","SEXUALITYHeterosexual2",0.060651075378958,0.828308196108206
"RISK_SUICIDIAL_ATTEMPTS","SEXUALITYOther2",-0.382918658135601,0.620553149831452
"RISK_SUICIDIAL_ATTEMPTS","SEXUALITYPrefer not to say2",-0.24889943022306,0.598162906514803
"RISK_SUICIDIAL_ATTEMPTS","SEXUALITYUnknown2",0.528981026746473,0.244265323902804
"RISK_SUICIDIAL_ATTEMPTS","RELIGIONBuddhist2",0.508040734854288,0.502954190152769
"RISK_SUICIDIAL_ATTEMPTS","RELIGIONCatholic2",0.642303922989135,0.41033165839857
"RISK_SUICIDIAL_ATTEMPTS","RELIGIONChristian2",0.236974893097261,0.704363350592096
"RISK_SUICIDIAL_ATTEMPTS","RELIGIONJewish2",1.12876163038259,0.474373158985669
"RISK_SUICIDIAL_ATTEMPTS","RELIGIONNo religion2",0.51262131635163,0.379274115156349
"RISK_SUICIDIAL_ATTEMPTS","RELIGIONPrefer not to say2",0.612375794717808,0.377326313941221
"RISK_SUICIDIAL_ATTEMPTS","RELIGIONUnknown2",0.682124139867798,0.27770241456432
"RISK_SUICIDIAL_ATTEMPTS","RELIGIONUnobtainable2",1.48777288188157,0.341297878092
"RISK_SUICIDIAL_ATTEMPTS","DISABILITYMental Health2",1.30567187454766,0.0346088735089177
"RISK_SUICIDIAL_ATTEMPTS","DISABILITYNone2",0.451908000598213,0.432526192715331
"RISK_SUICIDIAL_ATTEMPTS","DISABILITYPhysical disability2",0.967642221719783,0.110783604039823
"RISK_SUICIDIAL_ATTEMPTS","DISABILITYPrefer not to say2",1.16011017320936,0.178653604051927
"RISK_SUICIDIAL_ATTEMPTS","DISABILITYSensory disability2",1.89506237788077,0.0263170123457297
"RISK_SUICIDIAL_ATTEMPTS","DISABILITYUnknown2",1.24838684783316,0.124716493079937
"RISK_DOMESTIC_ABUSE","GENDERMale3",-19.3372717224502,0.998187973641754
"RISK_DOMESTIC_ABUSE","GENDERNon-binary3",16.1364268676852,0.99966118604767
"RISK_DOMESTIC_ABUSE","GENDEROther3",-19.6130475551978,0.9996768998345
"RISK_DOMESTIC_ABUSE","GENDERPrefer not to say3",-20.452361989316,0.999794636144949
"RISK_DOMESTIC_ABUSE","GENDERTrans female3",-2.62033738531965,0.999974091499437
"RISK_DOMESTIC_ABUSE","GENDERTrans male3",-18.968730614983,0.999507321048307
"RISK_DOMESTIC_ABUSE","SU_AGE_IN_YEARS3",0.0234809363912731,0.510776806379518
"RISK_DOMESTIC_ABUSE","SU_ETHNICITYBlack/ African/ Caribbean/ Black British3",-17.360981365743,0.999756347135772
"RISK_DOMESTIC_ABUSE","SU_ETHNICITYMixed/ Multiple Ethnic Groups3",-14.0197177264214,0.999642351440296
"RISK_DOMESTIC_ABUSE","SU_ETHNICITYOther Ethnic Group3",-14.8695732196726,0.999660763992741
"RISK_DOMESTIC_ABUSE","SU_ETHNICITYPrefer not to say3",-15.3602328673056,0.999661622918173
"RISK_DOMESTIC_ABUSE","SU_ETHNICITYUnknown3",3.06716689651763,0.999915630521488
"RISK_DOMESTIC_ABUSE","SU_ETHNICITYUnobtainable3",-16.1400422376357,0.999732657780538
"RISK_DOMESTIC_ABUSE","SU_ETHNICITYWhite British3",0.990523400915268,0.999972753376045
"RISK_DOMESTIC_ABUSE","SU_ETHNICITYWhite European3",-16.9200343144723,0.999581652018501
"RISK_DOMESTIC_ABUSE","SU_LOCATIONExeter3",0.518226660139093,0.999952327194817
"RISK_DOMESTIC_ABUSE","SU_LOCATIONMid Devon3",19.3625196560637,0.997928858613025
"RISK_DOMESTIC_ABUSE","SU_LOCATIONNorth Devon3",20.3571773775978,0.997822463779966
"RISK_DOMESTIC_ABUSE","SU_LOCATIONSouth Hams3",19.3689582284649,0.997928169903115
"RISK_DOMESTIC_ABUSE","SU_LOCATIONTeignbridge3",19.17695935573,0.997948707309391
"RISK_DOMESTIC_ABUSE","SU_LOCATIONTorbay3",18.1576082034596,0.998057743549321
"RISK_DOMESTIC_ABUSE","SU_LOCATIONTorridge3",0.830274256101818,0.999950775114067
"RISK_DOMESTIC_ABUSE","SU_LOCATIONWest Devon3",0.529243158489478,0.999969187360502
"RISK_DOMESTIC_ABUSE","SEXUALITYGay/Lesbian3",-0.340082811296222,0.999976565401598
"RISK_DOMESTIC_ABUSE","SEXUALITYHeterosexual3",16.7249611522633,0.997933047571565
"RISK_DOMESTIC_ABUSE","SEXUALITYOther3",0.103897688727696,0.99999521152063
"RISK_DOMESTIC_ABUSE","SEXUALITYPrefer not to say3",19.0694955445719,0.997643299371824
"RISK_DOMESTIC_ABUSE","SEXUALITYUnknown3",19.3345019563653,0.997610548707107
"RISK_DOMESTIC_ABUSE","RELIGIONBuddhist3",21.1277190108324,0.998753511403843
"RISK_DOMESTIC_ABUSE","RELIGIONCatholic3",1.47609683301621,0.999939631798228
"RISK_DOMESTIC_ABUSE","RELIGIONChristian3",18.8382172433147,0.998888586840079
"RISK_DOMESTIC_ABUSE","RELIGIONJewish3",0.896252261670988,0.99998597473453
"RISK_DOMESTIC_ABUSE","RELIGIONNo religion3",18.2987620166369,0.998920413483143
"RISK_DOMESTIC_ABUSE","RELIGIONPrefer not to say3",-0.0134439456329448,0.999999369782244
"RISK_DOMESTIC_ABUSE","RELIGIONUnknown3",18.3323311469383,0.998918432978298
"RISK_DOMESTIC_ABUSE","RELIGIONUnobtainable3",-0.92694836117527,0.999986932413758
"RISK_DOMESTIC_ABUSE","DISABILITYMental Health3",-0.162068202579079,0.999991197102405
"RISK_DOMESTIC_ABUSE","DISABILITYNone3",18.3640303162694,0.998831261235103
"RISK_DOMESTIC_ABUSE","DISABILITYPhysical disability3",17.9777636874327,0.998855844321102
"RISK_DOMESTIC_ABUSE","DISABILITYPrefer not to say3",2.17107490322979,0.999919258376203
"RISK_DOMESTIC_ABUSE","DISABILITYSensory disability3",-0.298898563917751,0.999989268539238
"RISK_DOMESTIC_ABUSE","DISABILITYUnknown3",-1.50948930626081,0.999942253247918
"RISK_MENTAL_HEALTH","GENDERMale4",-0.0776203074224475,0.830833314221102
"RISK_MENTAL_HEALTH","GENDERNon-binary4",-0.514138771316339,0.684341743962269
"RISK_MENTAL_HEALTH","GENDEROther4",14.5907553151158,0.988068976609822
"RISK_MENTAL_HEALTH","GENDERPrefer not to say4",-17.4021772818854,0.990459928608305
"RISK_MENTAL_HEALTH","GENDERTrans female4",13.706592242114,0.992485822826673
"RISK_MENTAL_HEALTH","GENDERTrans male4",13.8429246609461,0.983816858218636
"RISK_MENTAL_HEALTH","SU_AGE_IN_YEARS4",-0.0121207249141951,0.0808366148733486
"RISK_MENTAL_HEALTH","SU_ETHNICITYBlack/ African/ Caribbean/ Black British4",-2.53318528967186,0.211643043596567
"RISK_MENTAL_HEALTH","SU_ETHNICITYMixed/ Multiple Ethnic Groups4",-1.01918889601034,0.410765514140677
"RISK_MENTAL_HEALTH","SU_ETHNICITYOther Ethnic Group4",-0.2790794611191,0.861243360844579
"RISK_MENTAL_HEALTH","SU_ETHNICITYPrefer not to say4",-1.27826003898015,0.351479132960904
"RISK_MENTAL_HEALTH","SU_ETHNICITYUnknown4",-0.371284344902616,0.765945761301281
"RISK_MENTAL_HEALTH","SU_ETHNICITYUnobtainable4",-0.564203414157448,0.739727443083285
"RISK_MENTAL_HEALTH","SU_ETHNICITYWhite British4",-0.446859604531967,0.691949644571996
"RISK_MENTAL_HEALTH","SU_ETHNICITYWhite European4",-0.957639423106784,0.438200141375784
"RISK_MENTAL_HEALTH","SU_LOCATIONExeter4",0.121484126928641,0.698906224540112
"RISK_MENTAL_HEALTH","SU_LOCATIONMid Devon4",0.115473989977596,0.755754340140631
"RISK_MENTAL_HEALTH","SU_LOCATIONNorth Devon4",0.441987237654645,0.278125552477908
"RISK_MENTAL_HEALTH","SU_LOCATIONSouth Hams4",-0.221524731595327,0.588196124370964
"RISK_MENTAL_HEALTH","SU_LOCATIONTeignbridge4",-0.229033719903031,0.531026552166319
"RISK_MENTAL_HEALTH","SU_LOCATIONTorbay4",-0.243907918563785,0.439063552361057
"RISK_MENTAL_HEALTH","SU_LOCATIONTorridge4",-0.0833528021444804,0.862092245863825
"RISK_MENTAL_HEALTH","SU_LOCATIONWest Devon4",-0.121209087837802,0.79252139328971
"RISK_MENTAL_HEALTH","SEXUALITYGay/Lesbian4",-0.126348534922321,0.799178800855633
"RISK_MENTAL_HEALTH","SEXUALITYHeterosexual4",-0.422547246785009,0.158742992509971
"RISK_MENTAL_HEALTH","SEXUALITYOther4",0.426330495853519,0.625170407251177
"RISK_MENTAL_HEALTH","SEXUALITYPrefer not to say4",0.717016387076765,0.23938383140735
"RISK_MENTAL_HEALTH","SEXUALITYUnknown4",-0.302005114386738,0.52468443291802
"RISK_MENTAL_HEALTH","RELIGIONBuddhist4",1.01216369985015,0.143913278233309
"RISK_MENTAL_HEALTH","RELIGIONCatholic4",2.35515297031809,0.00783014161544339
"RISK_MENTAL_HEALTH","RELIGIONChristian4",0.929161264927603,0.0718753061577554
"RISK_MENTAL_HEALTH","RELIGIONJewish4",14.8037524048652,0.987632385016808
"RISK_MENTAL_HEALTH","RELIGIONNo religion4",0.848429559034345,0.0720691163132738
"RISK_MENTAL_HEALTH","RELIGIONPrefer not to say4",0.859217817873965,0.156058647200808
"RISK_MENTAL_HEALTH","RELIGIONUnknown4",0.484347744761828,0.359548058245261
"RISK_MENTAL_HEALTH","RELIGIONUnobtainable4",-0.312541786766075,0.837359308388801
"RISK_MENTAL_HEALTH","DISABILITYMental Health4",1.33603010792395,0.0347233144436858
"RISK_MENTAL_HEALTH","DISABILITYNone4",0.194365093827175,0.706137129334004
"RISK_MENTAL_HEALTH","DISABILITYPhysical disability4",0.589394271100096,0.290186175945262
"RISK_MENTAL_HEALTH","DISABILITYPrefer not to say4",-0.484005465642583,0.545182430212411
"RISK_MENTAL_HEALTH","DISABILITYSensory disability4",1.82324358682239,0.149134412255976
"RISK_MENTAL_HEALTH","DISABILITYUnknown4",0.600371459215124,0.465846265806713
"RISK_DRUG_MISUSE","GENDERMale5",0.122284344374253,0.816312161726661
"RISK_DRUG_MISUSE","GENDERNon-binary5",-16.1639286265938,0.995765683231056
"RISK_DRUG_MISUSE","GENDEROther5",2.10665355863234,0.179378497700219
"RISK_DRUG_MISUSE","GENDERPrefer not to say5",-16.7961526084459,0.997945405721929
"RISK_DRUG_MISUSE","GENDERTrans female5",0.263262914829923,0.999968472907172
"RISK_DRUG_MISUSE","GENDERTrans male5",1.00430802314041,0.411519561657634
"RISK_DRUG_MISUSE","SU_AGE_IN_YEARS5",-4.08317517984662e-05,0.996839081099943
"RISK_DRUG_MISUSE","SU_ETHNICITYBlack/ African/ Caribbean/ Black British5",0.814434768885467,0.999877243146053
"RISK_DRUG_MISUSE","SU_ETHNICITYMixed/ Multiple Ethnic Groups5",16.5420621936626,0.994957336608881
"RISK_DRUG_MISUSE","SU_ETHNICITYOther Ethnic Group5",0.143327463515749,0.999966165455573
"RISK_DRUG_MISUSE","SU_ETHNICITYPrefer not to say5",17.9749126226787,0.994520554750762
"RISK_DRUG_MISUSE","SU_ETHNICITYUnknown5",17.3857403536386,0.994700154258744
"RISK_DRUG_MISUSE","SU_ETHNICITYUnobtainable5",-0.100332861829746,0.99998244551567
"RISK_DRUG_MISUSE","SU_ETHNICITYWhite British5",16.4680931591018,0.99497988467626
"RISK_DRUG_MISUSE","SU_ETHNICITYWhite European5",16.8670929869298,0.994858255908161
"RISK_DRUG_MISUSE","SU_LOCATIONExeter5",-0.109236194612032,0.825654633548101
"RISK_DRUG_MISUSE","SU_LOCATIONMid Devon5",0.18180908866446,0.746595918204728
"RISK_DRUG_MISUSE","SU_LOCATIONNorth Devon5",0.541509803528995,0.326420261291727
"RISK_DRUG_MISUSE","SU_LOCATIONSouth Hams5",-0.110789213669062,0.868822102411866
"RISK_DRUG_MISUSE","SU_LOCATIONTeignbridge5",0.0893279155944298,0.874366982682369
"RISK_DRUG_MISUSE","SU_LOCATIONTorbay5",0.529892601256158,0.264571635697113
"RISK_DRUG_MISUSE","SU_LOCATIONTorridge5",0.31372428904753,0.677499624334207
"RISK_DRUG_MISUSE","SU_LOCATIONWest Devon5",-0.354717600278756,0.672582668841441
"RISK_DRUG_MISUSE","SEXUALITYGay/Lesbian5",-0.157038467862783,0.830433137118959
"RISK_DRUG_MISUSE","SEXUALITYHeterosexual5",0.0709778451156003,0.867583910652795
"RISK_DRUG_MISUSE","SEXUALITYOther5",0.640338480901448,0.514735064944197
"RISK_DRUG_MISUSE","SEXUALITYPrefer not to say5",0.352507931775146,0.587234130543546
"RISK_DRUG_MISUSE","SEXUALITYUnknown5",0.657119896885546,0.299716482984649
"RISK_DRUG_MISUSE","RELIGIONBuddhist5",-16.8356560785388,0.989676372924973
"RISK_DRUG_MISUSE","RELIGIONCatholic5",-16.9983410947389,0.990017551645078
"RISK_DRUG_MISUSE","RELIGIONChristian5",-1.33847099291666,0.0928130938926949
"RISK_DRUG_MISUSE","RELIGIONJewish5",1.25186799592357,0.458225801874247
"RISK_DRUG_MISUSE","RELIGIONNo religion5",-0.491800407251612,0.455742905965728
"RISK_DRUG_MISUSE","RELIGIONPrefer not to say5",-0.592645391611792,0.483820097261318
"RISK_DRUG_MISUSE","RELIGIONUnknown5",-0.228910546269098,0.753141805869898
"RISK_DRUG_MISUSE","RELIGIONUnobtainable5",-16.9798438010506,0.997050418699954
"RISK_DRUG_MISUSE","DISABILITYMental Health5",-0.246086485165986,0.749551277286986
"RISK_DRUG_MISUSE","DISABILITYNone5",-0.390975964725145,0.56301192598462
"RISK_DRUG_MISUSE","DISABILITYPhysical disability5",-0.560073406061229,0.452911731158865
"RISK_DRUG_MISUSE","DISABILITYPrefer not to say5",-16.5174859508185,0.992912506630328
"RISK_DRUG_MISUSE","DISABILITYSensory disability5",0.211248121293907,0.842062513242405
"RISK_DRUG_MISUSE","DISABILITYUnknown5",-1.81576489327814,0.165510065062474
"RISK_ALCOHOL_MISUSE","GENDERMale6",0.404784685091683,0.364889714854317
"RISK_ALCOHOL_MISUSE","GENDERNon-binary6",-14.34421099898,0.996047573681153
"RISK_ALCOHOL_MISUSE","GENDEROther6",-16.0389828521174,0.996870450522476
"RISK_ALCOHOL_MISUSE","GENDERPrefer not to say6",-16.5134236483863,0.997979990548641
"RISK_ALCOHOL_MISUSE","GENDERTrans female6",-16.3102718750327,0.99800484111629
"RISK_ALCOHOL_MISUSE","GENDERTrans male6",2.53016160570516,0.0314061789344732
"RISK_ALCOHOL_MISUSE","SU_AGE_IN_YEARS6",0.0105116762470349,0.264920255164205
"RISK_ALCOHOL_MISUSE","SU_ETHNICITYBlack/ African/ Caribbean/ Black British6",-16.4848942050244,0.997111228932456
"RISK_ALCOHOL_MISUSE","SU_ETHNICITYMixed/ Multiple Ethnic Groups6",-16.9840343794898,0.990485647286781
"RISK_ALCOHOL_MISUSE","SU_ETHNICITYOther Ethnic Group6",-17.2400924901581,0.993562801344417
"RISK_ALCOHOL_MISUSE","SU_ETHNICITYPrefer not to say6",-17.2367893317255,0.993734452950445
"RISK_ALCOHOL_MISUSE","SU_ETHNICITYUnknown6",-0.595973867868728,0.658083512889381
"RISK_ALCOHOL_MISUSE","SU_ETHNICITYUnobtainable6",-0.378370575548601,0.832078662427931
"RISK_ALCOHOL_MISUSE","SU_ETHNICITYWhite British6",-0.570903450368463,0.629465480671439
"RISK_ALCOHOL_MISUSE","SU_ETHNICITYWhite European6",-1.49600607052406,0.347082080450256
"RISK_ALCOHOL_MISUSE","SU_LOCATIONExeter6",-0.526903219834085,0.171875854211134
"RISK_ALCOHOL_MISUSE","SU_LOCATIONMid Devon6",-0.600119963197933,0.201097767700857
"RISK_ALCOHOL_MISUSE","SU_LOCATIONNorth Devon6",-0.258370769183404,0.585371886420455
"RISK_ALCOHOL_MISUSE","SU_LOCATIONSouth Hams6",-1.34612737933054,0.0456266241176792
"RISK_ALCOHOL_MISUSE","SU_LOCATIONTeignbridge6",-0.444968879575358,0.334218082236142
"RISK_ALCOHOL_MISUSE","SU_LOCATIONTorbay6",-0.659120764783354,0.107223146361352
"RISK_ALCOHOL_MISUSE","SU_LOCATIONTorridge6",-0.175251532646491,0.769768848860262
"RISK_ALCOHOL_MISUSE","SU_LOCATIONWest Devon6",-1.29270808140765,0.105695883807479
"RISK_ALCOHOL_MISUSE","SEXUALITYGay/Lesbian6",-0.02598139574528,0.969259387016187
"RISK_ALCOHOL_MISUSE","SEXUALITYHeterosexual6",0.0982812076082252,0.816019970608977
"RISK_ALCOHOL_MISUSE","SEXUALITYOther6",-16.0901014200295,0.991785340521961
"RISK_ALCOHOL_MISUSE","SEXUALITYPrefer not to say6",0.790439986647574,0.183791320096157
"RISK_ALCOHOL_MISUSE","SEXUALITYUnknown6",0.884851836661093,0.131779758563197
"RISK_ALCOHOL_MISUSE","RELIGIONBuddhist6",-0.686574188935948,0.493826617099917
"RISK_ALCOHOL_MISUSE","RELIGIONCatholic6",-1.02926850206796,0.403817342003092
"RISK_ALCOHOL_MISUSE","RELIGIONChristian6",-0.52933452071928,0.474355653563513
"RISK_ALCOHOL_MISUSE","RELIGIONJewish6",-15.9347326174736,0.996910332065264
"RISK_ALCOHOL_MISUSE","RELIGIONNo religion6",-0.413826735173178,0.534953284239025
"RISK_ALCOHOL_MISUSE","RELIGIONPrefer not to say6",-0.107231600913132,0.895281289028316
"RISK_ALCOHOL_MISUSE","RELIGIONUnknown6",0.0429615423783817,0.952949077056089
"RISK_ALCOHOL_MISUSE","RELIGIONUnobtainable6",-17.0249647231674,0.997052807873373
"RISK_ALCOHOL_MISUSE","DISABILITYMental Health6",1.4481372802062,0.209553460222127
"RISK_ALCOHOL_MISUSE","DISABILITYNone6",1.68269644838654,0.121429925456793
"RISK_ALCOHOL_MISUSE","DISABILITYPhysical disability6",0.760864532263905,0.50617641264316
"RISK_ALCOHOL_MISUSE","DISABILITYPrefer not to say6",1.15707907463986,0.449777532825812
"RISK_ALCOHOL_MISUSE","DISABILITYSensory disability6",0.855452826383902,0.592958357294959
"RISK_ALCOHOL_MISUSE","DISABILITYUnknown6",2.21679183980473,0.0854608990925975
"RISK_HOMELESSNESS","GENDERMale7",-16.669217246857,0.994010514099457
"RISK_HOMELESSNESS","GENDERNon-binary7",0.58700493852789,0.999946021423044
"RISK_HOMELESSNESS","GENDEROther7",-1.32882156454484,0.99991266900178
"RISK_HOMELESSNESS","GENDERPrefer not to say7",-1.99358163327804,0.999911234074152
"RISK_HOMELESSNESS","GENDERTrans female7",-17.783094036669,0.999199742936881
"RISK_HOMELESSNESS","GENDERTrans male7",-17.5885686771419,0.998238079760332
"RISK_HOMELESSNESS","SU_AGE_IN_YEARS7",0.0157420002279146,0.391851048595955
"RISK_HOMELESSNESS","SU_ETHNICITYBlack/ African/ Caribbean/ Black British7",-1.14451260638804,0.99993079972106
"RISK_HOMELESSNESS","SU_ETHNICITYMixed/ Multiple Ethnic Groups7",-0.712515814558326,0.999925581259808
"RISK_HOMELESSNESS","SU_ETHNICITYOther Ethnic Group7",15.9613467575754,0.998047905751041
"RISK_HOMELESSNESS","SU_ETHNICITYPrefer not to say7",-1.57947685540935,0.999851830637738
"RISK_HOMELESSNESS","SU_ETHNICITYUnknown7",-1.50815342254407,0.999837410036433
"RISK_HOMELESSNESS","SU_ETHNICITYUnobtainable7",-0.48393029001658,0.99996573788305
"RISK_HOMELESSNESS","SU_ETHNICITYWhite British7",15.8134277935758,0.998065996360852
"RISK_HOMELESSNESS","SU_ETHNICITYWhite European7",-1.41454285364519,0.999848046167834
"RISK_HOMELESSNESS","SU_LOCATIONExeter7",0.781189232350801,0.506873656793947
"RISK_HOMELESSNESS","SU_LOCATIONMid Devon7",0.413197633964655,0.776751836502807
"RISK_HOMELESSNESS","SU_LOCATIONNorth Devon7",1.39242110294119,0.251007737555577
"RISK_HOMELESSNESS","SU_LOCATIONSouth Hams7",1.75189675390224,0.150158191591755
"RISK_HOMELESSNESS","SU_LOCATIONTeignbridge7",1.32239464533919,0.2791242658438
"RISK_HOMELESSNESS","SU_LOCATIONTorbay7",1.53127530834316,0.164893096737651
"RISK_HOMELESSNESS","SU_LOCATIONTorridge7",-15.8452650331884,0.995373274576447
"RISK_HOMELESSNESS","SU_LOCATIONWest Devon7",-16.0489290805896,0.995152856086763
"RISK_HOMELESSNESS","SEXUALITYGay/Lesbian7",-0.865446846754122,0.483421997616758
"RISK_HOMELESSNESS","SEXUALITYHeterosexual7",-0.631767012510095,0.362779327811916
"RISK_HOMELESSNESS","SEXUALITYOther7",-16.8821549641069,0.996802598362804
"RISK_HOMELESSNESS","SEXUALITYPrefer not to say7",-17.3017090681895,0.994684726158586
"RISK_HOMELESSNESS","SEXUALITYUnknown7",-0.603017700170295,0.583501900099363
"RISK_HOMELESSNESS","RELIGIONBuddhist7",-17.4552439074789,0.995868911793284
"RISK_HOMELESSNESS","RELIGIONCatholic7",-0.394865230272148,0.772520936416245
"RISK_HOMELESSNESS","RELIGIONChristian7",-2.02057845185546,0.123647997204036
"RISK_HOMELESSNESS","RELIGIONJewish7",-16.5456113301561,0.998827476633385
"RISK_HOMELESSNESS","RELIGIONNo religion7",-0.75795083085656,0.394709589305613
"RISK_HOMELESSNESS","RELIGIONPrefer not to say7",-0.960782828089018,0.509076554210303
"RISK_HOMELESSNESS","RELIGIONUnknown7",0.11802615337675,0.906906519636056
"RISK_HOMELESSNESS","RELIGIONUnobtainable7",-17.598930429858,0.998879823883938
"RISK_HOMELESSNESS","DISABILITYMental Health7",-0.665154576225075,0.536513323692479
"RISK_HOMELESSNESS","DISABILITYNone7",-1.41313983293739,0.130507636720347
"RISK_HOMELESSNESS","DISABILITYPhysical disability7",-0.425731243752435,0.670571770681692
"RISK_HOMELESSNESS","DISABILITYPrefer not to say7",-17.1171065353077,0.997090328592099
"RISK_HOMELESSNESS","DISABILITYSensory disability7",1.46403401581562,0.261637990223576
"RISK_HOMELESSNESS","DISABILITYUnknown7",-17.2852835987481,0.996469728030628
"RISK_PERPETRATOR_CONTACT","GENDERMale8",-0.409231376618229,0.42772259465387
"RISK_PERPETRATOR_CONTACT","GENDERNon-binary8",0.366664841057756,0.773841277767182
"RISK_PERPETRATOR_CONTACT","GENDEROther8",-15.8769686729232,0.995405944115868
"RISK_PERPETRATOR_CONTACT","GENDERPrefer not to say8",-15.0891016118649,0.99695682935625
"RISK_PERPETRATOR_CONTACT","GENDERTrans female8",-13.2253054786395,0.997332718418119
"RISK_PERPETRATOR_CONTACT","GENDERTrans male8",0.626669717731088,0.607492469920937
"RISK_PERPETRATOR_CONTACT","SU_AGE_IN_YEARS8",-0.0117729843592398,0.211722553674873
"RISK_PERPETRATOR_CONTACT","SU_ETHNICITYBlack/ African/ Caribbean/ Black British8",1.10770979484798,0.553739430953706
"RISK_PERPETRATOR_CONTACT","SU_ETHNICITYMixed/ Multiple Ethnic Groups8",-1.09180731475146,0.330276457447591
"RISK_PERPETRATOR_CONTACT","SU_ETHNICITYOther Ethnic Group8",-17.1411948625214,0.989569248315329
"RISK_PERPETRATOR_CONTACT","SU_ETHNICITYPrefer not to say8",0.172117726209641,0.886347876520978
"RISK_PERPETRATOR_CONTACT","SU_ETHNICITYUnknown8",-1.54360336719834,0.209575696643741
"RISK_PERPETRATOR_CONTACT","SU_ETHNICITYUnobtainable8",-17.549131196785,0.993748341115358
"RISK_PERPETRATOR_CONTACT","SU_ETHNICITYWhite British8",-1.16692066864111,0.203267323593681
"RISK_PERPETRATOR_CONTACT","SU_ETHNICITYWhite European8",-1.02765839104476,0.367154960290439
"RISK_PERPETRATOR_CONTACT","SU_LOCATIONExeter8",-0.00448078158295582,0.990880413309922
"RISK_PERPETRATOR_CONTACT","SU_LOCATIONMid Devon8",-0.0104424926399986,0.982370582234499
"RISK_PERPETRATOR_CONTACT","SU_LOCATIONNorth Devon8",-0.244239929149256,0.630903697115354
"RISK_PERPETRATOR_CONTACT","SU_LOCATIONSouth Hams8",0.422814240218246,0.399191793244235
"RISK_PERPETRATOR_CONTACT","SU_LOCATIONTeignbridge8",-0.722692603500415,0.195349035167171
"RISK_PERPETRATOR_CONTACT","SU_LOCATIONTorbay8",-0.26894878065741,0.5266421480313
"RISK_PERPETRATOR_CONTACT","SU_LOCATIONTorridge8",-0.0740942261438214,0.908858940341592
"RISK_PERPETRATOR_CONTACT","SU_LOCATIONWest Devon8",0.659174004310909,0.212261468394612
"RISK_PERPETRATOR_CONTACT","SEXUALITYGay/Lesbian8",-0.34150679119871,0.53323453810286
"RISK_PERPETRATOR_CONTACT","SEXUALITYHeterosexual8",-0.494218105313416,0.12014672949224
"RISK_PERPETRATOR_CONTACT","SEXUALITYOther8",-1.09249751746131,0.238621109944288
"RISK_PERPETRATOR_CONTACT","SEXUALITYPrefer not to say8",-0.461520017402802,0.421996222527098
"RISK_PERPETRATOR_CONTACT","SEXUALITYUnknown8",0.319036086148845,0.541472835200169
"RISK_PERPETRATOR_CONTACT","RELIGIONBuddhist8",0.671822323730741,0.412401771787606
"RISK_PERPETRATOR_CONTACT","RELIGIONCatholic8",-1.41679783648248,0.251724393053104
"RISK_PERPETRATOR_CONTACT","RELIGIONChristian8",-0.0581481560480358,0.935677733916884
"RISK_PERPETRATOR_CONTACT","RELIGIONJewish8",2.63088507461386,0.108168135395601
"RISK_PERPETRATOR_CONTACT","RELIGIONNo religion8",-0.0990253109590517,0.881723789767159
"RISK_PERPETRATOR_CONTACT","RELIGIONPrefer not to say8",-0.200431563977075,0.806402361259212
"RISK_PERPETRATOR_CONTACT","RELIGIONUnknown8",-0.196296286934987,0.789747980457081
"RISK_PERPETRATOR_CONTACT","RELIGIONUnobtainable8",-15.3615705827902,0.995596466242536
"RISK_PERPETRATOR_CONTACT","DISABILITYMental Health8",-0.85769890007328,0.19660640731771
"RISK_PERPETRATOR_CONTACT","DISABILITYNone8",-0.599463996452622,0.277615707799585
"RISK_PERPETRATOR_CONTACT","DISABILITYPhysical disability8",-0.50456334642045,0.410172114744225
"RISK_PERPETRATOR_CONTACT","DISABILITYPrefer not to say8",-16.3537646276458,0.988491670738337
"RISK_PERPETRATOR_CONTACT","DISABILITYSensory disability8",-1.56857193473271,0.245353802883301
"RISK_PERPETRATOR_CONTACT","DISABILITYUnknown8",0.40695113583805,0.63903958779321
"RISK_OTHER","GENDERMale9",-18.8566459978327,0.998901478359563
"RISK_OTHER","GENDERNon-binary9",24.8102695191671,0.999410846784362
"RISK_OTHER","GENDEROther9",20.1404767505897,0.999800465437106
"RISK_OTHER","GENDERPrefer not to say9",-3.21040472076309,0.999980571293965
"RISK_OTHER","GENDERTrans female9",-1.66303522359415,0.999989917213049
"RISK_OTHER","GENDERTrans male9",1.86201936781011,0.999976300712682
"RISK_OTHER","SU_AGE_IN_YEARS9",0.0129661981063571,0.806659346974278
"RISK_OTHER","SU_ETHNICITYBlack/ African/ Caribbean/ Black British9",69.2559032703267,0.999482515458184
"RISK_OTHER","SU_ETHNICITYMixed/ Multiple Ethnic Groups9",-18.0326043403398,0.99970957909124
"RISK_OTHER","SU_ETHNICITYOther Ethnic Group9",-0.874281796036873,0.999989183655208
"RISK_OTHER","SU_ETHNICITYPrefer not to say9",-16.568729160983,0.999756934111417
"RISK_OTHER","SU_ETHNICITYUnknown9",-16.5310255420542,0.999729903559157
"RISK_OTHER","SU_ETHNICITYUnobtainable9",54.7857702926758,0.999036773050287
"RISK_OTHER","SU_ETHNICITYWhite British9",1.18250988927065,0.999978678957447
"RISK_OTHER","SU_ETHNICITYWhite European9",-15.8361857079218,0.999732101704059
"RISK_OTHER","SU_LOCATIONExeter9",-47.1400125915242,0.995145696413246
"RISK_OTHER","SU_LOCATIONMid Devon9",-67.1344569597002,0.995946871250172
"RISK_OTHER","SU_LOCATIONNorth Devon9",0.705699995150201,0.694168110599561
"RISK_OTHER","SU_LOCATIONSouth Hams9",-18.183414638583,0.999042081508768
"RISK_OTHER","SU_LOCATIONTeignbridge9",-18.6140450591386,0.99880767858653
"RISK_OTHER","SU_LOCATIONTorbay9",-0.181234113803828,0.917367963873564
"RISK_OTHER","SU_LOCATIONTorridge9",-67.4152820174223,0.997049792112299
"RISK_OTHER","SU_LOCATIONWest Devon9",1.80569386487241,0.281397244982576
"RISK_OTHER","SEXUALITYGay/Lesbian9",-18.2959057430094,0.998977944615664
"RISK_OTHER","SEXUALITYHeterosexual9",-1.10417013063335,0.451693565375499
"RISK_OTHER","SEXUALITYOther9",-20.7955696034329,0.999506181219022
"RISK_OTHER","SEXUALITYPrefer not to say9",-18.7914257327877,0.998986111729623
"RISK_OTHER","SEXUALITYUnknown9",-19.5861329485795,0.998040198223451
"RISK_OTHER","RELIGIONBuddhist9",0.473748254011625,0.999988890475291
"RISK_OTHER","RELIGIONCatholic9",21.1883148059554,0.999407015277075
"RISK_OTHER","RELIGIONChristian9",0.0513732513128501,0.999998641511
"RISK_OTHER","RELIGIONJewish9",21.155097570613,0.999799324598734
"RISK_OTHER","RELIGIONNo religion9",20.0197521457252,0.999439719137249
"RISK_OTHER","RELIGIONPrefer not to say9",3.44979886755331,0.999914358375457
"RISK_OTHER","RELIGIONUnknown9",20.0843102159078,0.999437912390811
"RISK_OTHER","RELIGIONUnobtainable9",1.57276505280013,0.99998610757311
"RISK_OTHER","DISABILITYMental Health9",-21.0584872943232,0.998667103600886
"RISK_OTHER","DISABILITYNone9",-3.93224478516173,0.0073787846568874
"RISK_OTHER","DISABILITYPhysical disability9",-2.00076656526829,0.295450368328286
"RISK_OTHER","DISABILITYPrefer not to say9",47.7518664067313,0.99508269068765
"RISK_OTHER","DISABILITYSensory disability9",-23.090817357486,0.999607048591779
"RISK_OTHER","DISABILITYUnknown9",-15.5862692237304,0.997052865917747
